{"m_WR": 0.15480000999981372, "m_B": 0.19625704998130192, "I_Wxz_Ryz": 6.360999999963158e-05, "I_Wy_Rx": 0.00010489519325436296, "I_Bx": 0.00010999000001860435, "I_By": 0.0004500099999985489, "I_Bz": 0.00028500999999903797, "r_W": 0.032, "l_WB": 0.065, "fric_magn": 0.0027839425765290465, "fric_slope": 83.29795794113134}